ds,y
2004-04-06,25000.0
2004-04-07,0.0
2004-04-08,0.0
2004-04-09,0.0
2004-04-10,0.0
2004-04-11,0.0
2004-04-12,0.0
2004-04-13,0.0
2004-04-14,0.0
2004-04-15,0.0
2004-04-16,0.0
2004-04-17,0.0
2004-04-18,0.0
2004-04-19,70000.0
2004-04-20,0.0
2004-04-21,0.0
2004-04-22,80000.0
2004-04-23,0.0
2004-04-24,0.0
2004-04-25,0.0
2004-04-26,0.0
2004-04-27,0.0
2004-04-28,0.0
2004-04-29,0.0
2004-04-30,0.0
2004-05-01,0.0
2004-05-02,0.0
2004-05-03,0.0
2004-05-04,290000.0
2004-05-05,0.0
2004-05-06,0.0
2004-05-07,0.0
2004-05-08,0.0
2004-05-09,0.0
2004-05-10,0.0
2004-05-11,80000.0
2004-05-12,0.0
2004-05-13,0.0
2004-05-14,0.0
2004-05-15,0.0
2004-05-16,0.0
2004-05-17,25000.0
2004-05-18,0.0
2004-05-19,0.0
2004-05-20,0.0
2004-05-21,0.0
2004-05-22,0.0
2004-05-23,0.0
2004-05-24,0.0
2004-05-25,0.0
2004-05-26,0.0
2004-05-27,0.0
2004-05-28,0.0
2004-05-29,0.0
2004-05-30,0.0
2004-05-31,0.0
2004-06-01,0.0
2004-06-02,0.0
2004-06-03,0.0
2004-06-04,0.0
2004-06-05,0.0
2004-06-06,0.0
2004-06-07,0.0
2004-06-08,0.0
2004-06-09,0.0
2004-06-10,0.0
2004-06-11,0.0
2004-06-12,0.0
2004-06-13,0.0
2004-06-14,0.0
2004-06-15,0.0
2004-06-16,0.0
2004-06-17,145000.0
2004-06-18,0.0
2004-06-19,0.0
2004-06-20,0.0
2004-06-21,0.0
2004-06-22,0.0
2004-06-23,0.0
2004-06-24,0.0
2004-06-25,0.0
2004-06-26,0.0
2004-06-27,0.0
2004-06-28,0.0
2004-06-29,0.0
2004-06-30,0.0
2004-07-01,0.0
2004-07-02,0.0
2004-07-03,0.0
2004-07-04,0.0
2004-07-05,0.0
2004-07-06,75000.0
2004-07-07,0.0
2004-07-08,0.0
2004-07-09,35000.0
2004-07-10,0.0
2004-07-11,0.0
2004-07-12,0.0
2004-07-13,0.0
2004-07-14,0.0
2004-07-15,0.0
2004-07-16,0.0
2004-07-17,0.0
2004-07-18,0.0
2004-07-19,0.0
2004-07-20,0.0
2004-07-21,225000.0
2004-07-22,70000.0
2004-07-23,0.0
2004-07-24,0.0
2004-07-25,0.0
2004-07-26,0.0
2004-07-27,0.0
2004-07-28,215000.0
2004-07-29,0.0
2004-07-30,0.0
2004-07-31,0.0
2004-08-01,0.0
2004-08-02,210000.0
2004-08-03,0.0
2004-08-04,225000.0
2004-08-05,75000.0
2004-08-06,0.0
2004-08-07,0.0
2004-08-08,0.0
2004-08-09,0.0
2004-08-10,0.0
2004-08-11,0.0
2004-08-12,0.0
2004-08-13,0.0
2004-08-14,0.0
2004-08-15,0.0
2004-08-16,0.0
2004-08-17,0.0
2004-08-18,0.0
2004-08-19,0.0
2004-08-20,0.0
2004-08-21,0.0
2004-08-22,0.0
2004-08-23,0.0
2004-08-24,70000.0
2004-08-25,0.0
2004-08-26,0.0
2004-08-27,0.0
2004-08-28,0.0
2004-08-29,0.0
2004-08-30,0.0
2004-08-31,0.0
2004-09-01,0.0
2004-09-02,0.0
2004-09-03,0.0
2004-09-04,0.0
2004-09-05,0.0
2004-09-06,0.0
2004-09-07,0.0
2004-09-08,0.0
2004-09-09,0.0
2004-09-10,0.0
2004-09-11,0.0
2004-09-12,0.0
2004-09-13,0.0
2004-09-14,0.0
2004-09-15,0.0
2004-09-16,0.0
2004-09-17,150000.0
2004-09-18,0.0
2004-09-19,0.0
2004-09-20,0.0
2004-09-21,0.0
2004-09-22,0.0
2004-09-23,0.0
2004-09-24,0.0
2004-09-25,0.0
2004-09-26,0.0
2004-09-27,0.0
2004-09-28,0.0
2004-09-29,0.0
2004-09-30,0.0
2004-10-01,0.0
2004-10-02,0.0
2004-10-03,0.0
2004-10-04,0.0
2004-10-05,0.0
2004-10-06,70000.0
2004-10-07,0.0
2004-10-08,155000.0
2004-10-09,0.0
2004-10-10,0.0
2004-10-11,155000.0
2004-10-12,0.0
2004-10-13,0.0
2004-10-14,0.0
2004-10-15,0.0
2004-10-16,0.0
2004-10-17,0.0
2004-10-18,305000.0
2004-10-19,0.0
2004-10-20,95000.0
2004-10-21,0.0
2004-10-22,0.0
2004-10-23,0.0
2004-10-24,0.0
2004-10-25,0.0
2004-10-26,0.0
2004-10-27,0.0
2004-10-28,0.0
2004-10-29,0.0
2004-10-30,0.0
2004-10-31,0.0
2004-11-01,0.0
2004-11-02,0.0
2004-11-03,0.0
2004-11-04,0.0
2004-11-05,135000.0
2004-11-06,0.0
2004-11-07,0.0
2004-11-08,0.0
2004-11-09,325000.0
2004-11-10,0.0
2004-11-11,0.0
2004-11-12,0.0
2004-11-13,0.0
2004-11-14,0.0
2004-11-15,0.0
2004-11-16,0.0
2004-11-17,0.0
2004-11-18,0.0
2004-11-19,0.0
2004-11-20,0.0
2004-11-21,0.0
2004-11-22,0.0
2004-11-23,0.0
2004-11-24,0.0
2004-11-25,0.0
2004-11-26,0.0
2004-11-27,0.0
2004-11-28,0.0
2004-11-29,0.0
2004-11-30,220000.0
2004-12-01,0.0
2004-12-02,0.0
2004-12-03,0.0
2004-12-04,0.0
2004-12-05,0.0
2004-12-06,0.0
2004-12-07,0.0
2004-12-08,0.0
2004-12-09,230000.0
2004-12-10,130000.0
2004-12-11,0.0
2004-12-12,0.0
2004-12-13,75000.0
2004-12-14,0.0
2004-12-15,0.0
2004-12-16,0.0
2004-12-17,0.0
2004-12-18,0.0
2004-12-19,0.0
2004-12-20,0.0
2004-12-21,355000.0
2004-12-22,0.0
2004-12-23,120000.0
2004-12-24,0.0
2004-12-25,0.0
2004-12-26,0.0
2004-12-27,0.0
2004-12-28,0.0
2004-12-29,255000.0
2004-12-30,0.0
2004-12-31,0.0
2005-01-01,0.0
2005-01-02,0.0
2005-01-03,100000.0
2005-01-04,0.0
2005-01-05,0.0
2005-01-06,0.0
2005-01-07,0.0
2005-01-08,0.0
2005-01-09,0.0
2005-01-10,145000.0
2005-01-11,185000.0
2005-01-12,0.0
2005-01-13,125000.0
2005-01-14,0.0
2005-01-15,0.0
2005-01-16,0.0
2005-01-17,0.0
2005-01-18,0.0
2005-01-19,115000.0
2005-01-20,0.0
2005-01-21,0.0
2005-01-22,0.0
2005-01-23,0.0
2005-01-24,50000.0
2005-01-25,0.0
2005-01-26,0.0
2005-01-27,0.0
2005-01-28,0.0
2005-01-29,0.0
2005-01-30,0.0
2005-01-31,0.0
2005-02-01,0.0
2005-02-02,0.0
2005-02-03,175000.0
2005-02-04,0.0
2005-02-05,0.0
2005-02-06,0.0
2005-02-07,0.0
2005-02-08,0.0
2005-02-09,0.0
2005-02-10,0.0
2005-02-11,135000.0
2005-02-12,0.0
2005-02-13,0.0
2005-02-14,0.0
2005-02-15,0.0
2005-02-16,390000.0
2005-02-17,0.0
2005-02-18,0.0
2005-02-19,0.0
2005-02-20,0.0
2005-02-21,0.0
2005-02-22,0.0
2005-02-23,205000.0
2005-02-24,115000.0
2005-02-25,0.0
2005-02-26,0.0
2005-02-27,0.0
2005-02-28,0.0
2005-03-01,0.0
2005-03-02,0.0
2005-03-03,0.0
2005-03-04,0.0
2005-03-05,0.0
2005-03-06,0.0
2005-03-07,0.0
2005-03-08,0.0
2005-03-09,225000.0
2005-03-10,0.0
2005-03-11,185000.0
2005-03-12,0.0
2005-03-13,0.0
2005-03-14,0.0
2005-03-15,80000.0
2005-03-16,130000.0
2005-03-17,110000.0
2005-03-18,0.0
2005-03-19,0.0
2005-03-20,0.0
2005-03-21,0.0
2005-03-22,0.0
2005-03-23,0.0
2005-03-24,0.0
2005-03-25,0.0
2005-03-26,0.0
2005-03-27,0.0
2005-03-28,0.0
2005-03-29,0.0
2005-03-30,0.0
2005-03-31,0.0
2005-04-01,0.0
2005-04-02,0.0
2005-04-03,0.0
2005-04-04,0.0
2005-04-05,0.0
2005-04-06,130000.0
2005-04-07,0.0
2005-04-08,0.0
2005-04-09,0.0
2005-04-10,0.0
2005-04-11,0.0
2005-04-12,0.0
2005-04-13,0.0
2005-04-14,100000.0
2005-04-15,0.0
2005-04-16,0.0
2005-04-17,0.0
2005-04-18,0.0
2005-04-19,260000.0
2005-04-20,0.0
2005-04-21,0.0
2005-04-22,0.0
2005-04-23,0.0
2005-04-24,0.0
2005-04-25,0.0
2005-04-26,0.0
2005-04-27,0.0
2005-04-28,0.0
2005-04-29,210000.0
2005-04-30,0.0
2005-05-01,0.0
2005-05-02,0.0
2005-05-03,50000.0
2005-05-04,0.0
2005-05-05,0.0
2005-05-06,0.0
2005-05-07,0.0
2005-05-08,0.0
2005-05-09,0.0
2005-05-10,0.0
2005-05-11,235000.0
2005-05-12,0.0
2005-05-13,0.0
2005-05-14,0.0
2005-05-15,0.0
2005-05-16,0.0
2005-05-17,25000.0
2005-05-18,0.0
2005-05-19,0.0
2005-05-20,0.0
2005-05-21,0.0
2005-05-22,0.0
2005-05-23,0.0
2005-05-24,0.0
2005-05-25,0.0
2005-05-26,0.0
2005-05-27,0.0
2005-05-28,0.0
2005-05-29,0.0
2005-05-30,0.0
2005-05-31,0.0
2005-06-01,0.0
2005-06-02,0.0
2005-06-03,0.0
2005-06-04,0.0
2005-06-05,0.0
2005-06-06,0.0
2005-06-07,25000.0
2005-06-08,0.0
2005-06-09,0.0
2005-06-10,0.0
2005-06-11,0.0
2005-06-12,0.0
2005-06-13,0.0
2005-06-14,0.0
2005-06-15,280000.0
2005-06-16,0.0
2005-06-17,0.0
2005-06-18,0.0
2005-06-19,0.0
2005-06-20,0.0
2005-06-21,0.0
2005-06-22,200000.0
2005-06-23,70000.0
2005-06-24,0.0
2005-06-25,0.0
2005-06-26,0.0
2005-06-27,0.0
2005-06-28,0.0
2005-06-29,200000.0
2005-06-30,185000.0
2005-07-01,0.0
2005-07-02,0.0
2005-07-03,0.0
2005-07-04,0.0
2005-07-05,0.0
2005-07-06,140000.0
2005-07-07,205000.0
2005-07-08,0.0
2005-07-09,0.0
2005-07-10,0.0
2005-07-11,155000.0
2005-07-12,0.0
2005-07-13,0.0
2005-07-14,0.0
2005-07-15,0.0
2005-07-16,0.0
2005-07-17,0.0
2005-07-18,0.0
2005-07-19,90000.0
2005-07-20,95000.0
2005-07-21,0.0
2005-07-22,85000.0
2005-07-23,0.0
2005-07-24,0.0
2005-07-25,0.0
2005-07-26,0.0
2005-07-27,0.0
2005-07-28,0.0
2005-07-29,0.0
2005-07-30,0.0
2005-07-31,0.0
2005-08-01,0.0
2005-08-02,0.0
2005-08-03,0.0
2005-08-04,0.0
2005-08-05,0.0
2005-08-06,0.0
2005-08-07,0.0
2005-08-08,0.0
2005-08-09,0.0
2005-08-10,0.0
2005-08-11,0.0
2005-08-12,0.0
2005-08-13,0.0
2005-08-14,0.0
2005-08-15,0.0
2005-08-16,0.0
2005-08-17,0.0
2005-08-18,70000.0
2005-08-19,0.0
2005-08-20,0.0
2005-08-21,0.0
2005-08-22,0.0
2005-08-23,80000.0
2005-08-24,145000.0
2005-08-25,0.0
2005-08-26,335000.0
2005-08-27,0.0
2005-08-28,0.0
2005-08-29,0.0
2005-08-30,115000.0
2005-08-31,0.0
2005-09-01,0.0
2005-09-02,70000.0
2005-09-03,0.0
2005-09-04,0.0
2005-09-05,0.0
2005-09-06,0.0
2005-09-07,45000.0
2005-09-08,0.0
2005-09-09,0.0
2005-09-10,0.0
2005-09-11,0.0
2005-09-12,0.0
2005-09-13,0.0
2005-09-14,135000.0
2005-09-15,110000.0
2005-09-16,0.0
2005-09-17,0.0
2005-09-18,0.0
2005-09-19,0.0
2005-09-20,0.0
2005-09-21,0.0
2005-09-22,0.0
2005-09-23,0.0
2005-09-24,0.0
2005-09-25,0.0
2005-09-26,0.0
2005-09-27,100000.0
2005-09-28,40000.0
2005-09-29,0.0
2005-09-30,175000.0
2005-10-01,0.0
2005-10-02,0.0
2005-10-03,120000.0
2005-10-04,0.0
2005-10-05,525000.0
2005-10-06,0.0
2005-10-07,0.0
2005-10-08,0.0
2005-10-09,0.0
2005-10-10,0.0
2005-10-11,0.0
2005-10-12,0.0
2005-10-13,290000.0
2005-10-14,235000.0
2005-10-15,0.0
2005-10-16,0.0
2005-10-17,25000.0
2005-10-18,155000.0
2005-10-19,0.0
2005-10-20,0.0
2005-10-21,460000.0
2005-10-22,0.0
2005-10-23,0.0
2005-10-24,255000.0
2005-10-25,0.0
2005-10-26,0.0
2005-10-27,0.0
2005-10-28,25000.0
2005-10-29,0.0
2005-10-30,0.0
2005-10-31,0.0
2005-11-01,0.0
2005-11-02,0.0
2005-11-03,795000.0
2005-11-04,0.0
2005-11-05,0.0
2005-11-06,0.0
2005-11-07,210000.0
2005-11-08,0.0
2005-11-09,85000.0
2005-11-10,145000.0
2005-11-11,430000.0
2005-11-12,0.0
2005-11-13,0.0
2005-11-14,115000.0
2005-11-15,70000.0
2005-11-16,0.0
2005-11-17,30000.0
2005-11-18,80000.0
2005-11-19,0.0
2005-11-20,0.0
2005-11-21,115000.0
2005-11-22,0.0
2005-11-23,255000.0
2005-11-24,145000.0
2005-11-25,235000.0
2005-11-26,0.0
2005-11-27,0.0
2005-11-28,0.0
2005-11-29,145000.0
2005-11-30,0.0
2005-12-01,250000.0
2005-12-02,25000.0
2005-12-03,0.0
2005-12-04,0.0
2005-12-05,0.0
2005-12-06,230000.0
2005-12-07,100000.0
2005-12-08,0.0
2005-12-09,115000.0
2005-12-10,0.0
2005-12-11,0.0
2005-12-12,0.0
2005-12-13,0.0
2005-12-14,180000.0
2005-12-15,220000.0
2005-12-16,0.0
2005-12-17,0.0
2005-12-18,0.0
2005-12-19,380000.0
2005-12-20,25000.0
2005-12-21,0.0
2005-12-22,140000.0
2005-12-23,0.0
2005-12-24,0.0
2005-12-25,0.0
2005-12-26,0.0
2005-12-27,0.0
2005-12-28,0.0
2005-12-29,0.0
2005-12-30,0.0
2005-12-31,0.0
2006-01-01,0.0
2006-01-02,0.0
2006-01-03,0.0
2006-01-04,0.0
2006-01-05,135000.0
2006-01-06,0.0
2006-01-07,0.0
2006-01-08,0.0
2006-01-09,0.0
2006-01-10,120000.0
2006-01-11,110000.0
2006-01-12,0.0
2006-01-13,0.0
2006-01-14,0.0
2006-01-15,0.0
2006-01-16,0.0
2006-01-17,220000.0
2006-01-18,270000.0
2006-01-19,100000.0
2006-01-20,235000.0
2006-01-21,0.0
2006-01-22,0.0
2006-01-23,145000.0
2006-01-24,0.0
2006-01-25,155000.0
2006-01-26,205000.0
2006-01-27,150000.0
2006-01-28,0.0
2006-01-29,0.0
2006-01-30,0.0
2006-01-31,0.0
2006-02-01,0.0
2006-02-02,0.0
2006-02-03,420000.0
2006-02-04,0.0
2006-02-05,0.0
2006-02-06,0.0
2006-02-07,175000.0
2006-02-08,185000.0
2006-02-09,0.0
2006-02-10,0.0
2006-02-11,0.0
2006-02-12,0.0
2006-02-13,0.0
2006-02-14,0.0
2006-02-15,145000.0
2006-02-16,0.0
2006-02-17,150000.0
2006-02-18,0.0
2006-02-19,0.0
2006-02-20,0.0
2006-02-21,0.0
2006-02-22,50000.0
2006-02-23,200000.0
2006-02-24,365000.0
2006-02-25,0.0
2006-02-26,0.0
2006-02-27,0.0
2006-02-28,0.0
2006-03-01,35000.0
2006-03-02,155000.0
2006-03-03,155000.0
2006-03-04,0.0
2006-03-05,0.0
2006-03-06,0.0
2006-03-07,0.0
2006-03-08,195000.0
2006-03-09,515000.0
2006-03-10,0.0
2006-03-11,0.0
2006-03-12,0.0
2006-03-13,0.0
2006-03-14,0.0
2006-03-15,185000.0
2006-03-16,0.0
2006-03-17,30000.0
2006-03-18,0.0
2006-03-19,0.0
2006-03-20,120000.0
2006-03-21,0.0
2006-03-22,320000.0
2006-03-23,0.0
2006-03-24,15000.0
2006-03-25,0.0
2006-03-26,0.0
2006-03-27,0.0
2006-03-28,70000.0
2006-03-29,0.0
2006-03-30,0.0
2006-03-31,25000.0
2006-04-01,0.0
2006-04-02,0.0
2006-04-03,100000.0
2006-04-04,135000.0
2006-04-05,215000.0
2006-04-06,0.0
2006-04-07,140000.0
2006-04-08,0.0
2006-04-09,0.0
2006-04-10,0.0
2006-04-11,0.0
2006-04-12,0.0
2006-04-13,0.0
2006-04-14,0.0
2006-04-15,0.0
2006-04-16,0.0
2006-04-17,0.0
2006-04-18,10000.0
2006-04-19,145000.0
2006-04-20,390000.0
2006-04-21,0.0
2006-04-22,0.0
2006-04-23,0.0
2006-04-24,140000.0
2006-04-25,0.0
2006-04-26,305000.0
2006-04-27,210000.0
2006-04-28,0.0
2006-04-29,0.0
2006-04-30,0.0
2006-05-01,0.0
2006-05-02,0.0
2006-05-03,0.0
2006-05-04,100000.0
2006-05-05,0.0
2006-05-06,0.0
2006-05-07,0.0
2006-05-08,0.0
2006-05-09,35000.0
2006-05-10,0.0
2006-05-11,0.0
2006-05-12,0.0
2006-05-13,0.0
2006-05-14,0.0
2006-05-15,205000.0
2006-05-16,330000.0
2006-05-17,190000.0
2006-05-18,25000.0
2006-05-19,395000.0
2006-05-20,0.0
2006-05-21,0.0
2006-05-22,0.0
2006-05-23,0.0
2006-05-24,0.0
2006-05-25,140000.0
2006-05-26,40000.0
2006-05-27,0.0
2006-05-28,0.0
2006-05-29,155000.0
2006-05-30,0.0
2006-05-31,0.0
2006-06-01,135000.0
2006-06-02,0.0
2006-06-03,0.0
2006-06-04,0.0
2006-06-05,0.0
2006-06-06,0.0
2006-06-07,0.0
2006-06-08,110000.0
2006-06-09,0.0
2006-06-10,0.0
2006-06-11,0.0
2006-06-12,0.0
2006-06-13,0.0
2006-06-14,200000.0
2006-06-15,150000.0
2006-06-16,195000.0
2006-06-17,0.0
2006-06-18,0.0
2006-06-19,100000.0
2006-06-20,0.0
2006-06-21,60000.0
2006-06-22,75000.0
2006-06-23,0.0
2006-06-24,0.0
2006-06-25,0.0
2006-06-26,0.0
2006-06-27,60000.0
2006-06-28,265000.0
2006-06-29,0.0
2006-06-30,0.0
2006-07-01,0.0
2006-07-02,0.0
2006-07-03,55000.0
2006-07-04,430000.0
2006-07-05,275000.0
2006-07-06,0.0
2006-07-07,80000.0
2006-07-08,0.0
2006-07-09,0.0
2006-07-10,0.0
2006-07-11,0.0
2006-07-12,0.0
2006-07-13,145000.0
2006-07-14,50000.0
2006-07-15,0.0
2006-07-16,0.0
2006-07-17,50000.0
2006-07-18,30000.0
2006-07-19,100000.0
2006-07-20,155000.0
2006-07-21,125000.0
2006-07-22,0.0
2006-07-23,0.0
2006-07-24,0.0
2006-07-25,0.0
2006-07-26,0.0
2006-07-27,290000.0
2006-07-28,0.0
2006-07-29,0.0
2006-07-30,0.0
2006-07-31,0.0
2006-08-01,100000.0
2006-08-02,270000.0
2006-08-03,0.0
2006-08-04,0.0
2006-08-05,0.0
2006-08-06,0.0
2006-08-07,0.0
2006-08-08,0.0
2006-08-09,70000.0
2006-08-10,195000.0
2006-08-11,0.0
2006-08-12,0.0
2006-08-13,0.0
2006-08-14,0.0
2006-08-15,100000.0
2006-08-16,0.0
2006-08-17,0.0
2006-08-18,135000.0
2006-08-19,0.0
2006-08-20,0.0
2006-08-21,0.0
2006-08-22,100000.0
2006-08-23,0.0
2006-08-24,105000.0
2006-08-25,0.0
2006-08-26,0.0
2006-08-27,0.0
2006-08-28,155000.0
2006-08-29,0.0
2006-08-30,0.0
2006-08-31,135000.0
2006-09-01,250000.0
2006-09-02,0.0
2006-09-03,0.0
2006-09-04,0.0
2006-09-05,185000.0
2006-09-06,0.0
2006-09-07,720000.0
2006-09-08,215000.0
2006-09-09,0.0
2006-09-10,0.0
2006-09-11,0.0
2006-09-12,280000.0
2006-09-13,110000.0
2006-09-14,185000.0
2006-09-15,160000.0
2006-09-16,0.0
2006-09-17,0.0
2006-09-18,0.0
2006-09-19,0.0
2006-09-20,285000.0
2006-09-21,330000.0
2006-09-22,0.0
2006-09-23,0.0
2006-09-24,0.0
2006-09-25,0.0
2006-09-26,70000.0
2006-09-27,50000.0
2006-09-28,0.0
2006-09-29,0.0
2006-09-30,0.0
2006-10-01,0.0
2006-10-02,0.0
2006-10-03,170000.0
2006-10-04,265000.0
2006-10-05,0.0
2006-10-06,0.0
2006-10-07,0.0
2006-10-08,0.0
2006-10-09,360000.0
2006-10-10,110000.0
2006-10-11,0.0
2006-10-12,0.0
2006-10-13,615000.0
2006-10-14,0.0
2006-10-15,0.0
2006-10-16,70000.0
2006-10-17,0.0
2006-10-18,40000.0
2006-10-19,0.0
2006-10-20,130000.0
2006-10-21,0.0
2006-10-22,0.0
2006-10-23,0.0
2006-10-24,0.0
2006-10-25,125000.0
2006-10-26,0.0
2006-10-27,65000.0
2006-10-28,0.0
2006-10-29,0.0
2006-10-30,0.0
2006-10-31,50000.0
2006-11-01,0.0
2006-11-02,0.0
2006-11-03,0.0
2006-11-04,0.0
2006-11-05,0.0
2006-11-06,0.0
2006-11-07,100000.0
2006-11-08,0.0
2006-11-09,75000.0
2006-11-10,45000.0
2006-11-11,0.0
2006-11-12,0.0
2006-11-13,0.0
2006-11-14,0.0
2006-11-15,125000.0
2006-11-16,85000.0
2006-11-17,0.0
2006-11-18,0.0
2006-11-19,0.0
2006-11-20,0.0
2006-11-21,225000.0
2006-11-22,20000.0
2006-11-23,0.0
2006-11-24,460000.0
2006-11-25,0.0
2006-11-26,0.0
2006-11-27,0.0
2006-11-28,515000.0
2006-11-29,0.0
2006-11-30,125000.0
2006-12-01,0.0
2006-12-02,0.0
2006-12-03,0.0
2006-12-04,55000.0
2006-12-05,0.0
2006-12-06,580000.0
2006-12-07,310000.0
2006-12-08,110000.0
2006-12-09,0.0
2006-12-10,0.0
2006-12-11,0.0
2006-12-12,30000.0
2006-12-13,175000.0
2006-12-14,145000.0
2006-12-15,0.0
2006-12-16,0.0
2006-12-17,0.0
2006-12-18,350000.0
2006-12-19,0.0
2006-12-20,205000.0
2006-12-21,0.0
2006-12-22,0.0
2006-12-23,0.0
2006-12-24,0.0
2006-12-25,0.0
2006-12-26,0.0
2006-12-27,0.0
2006-12-28,0.0
2006-12-29,125000.0
2006-12-30,0.0
2006-12-31,0.0
2007-01-01,0.0
2007-01-02,0.0
2007-01-03,250000.0
2007-01-04,0.0
2007-01-05,0.0
2007-01-06,0.0
2007-01-07,0.0
2007-01-08,0.0
2007-01-09,0.0
2007-01-10,85000.0
2007-01-11,0.0
2007-01-12,190000.0
2007-01-13,0.0
2007-01-14,0.0
2007-01-15,0.0
2007-01-16,175000.0
2007-01-17,0.0
2007-01-18,140000.0
2007-01-19,0.0
2007-01-20,0.0
2007-01-21,0.0
2007-01-22,240000.0
2007-01-23,180000.0
2007-01-24,155000.0
2007-01-25,230000.0
2007-01-26,405000.0
2007-01-27,0.0
2007-01-28,0.0
2007-01-29,195000.0
2007-01-30,325000.0
2007-01-31,105000.0
2007-02-01,410000.0
2007-02-02,160000.0
2007-02-03,0.0
2007-02-04,0.0
2007-02-05,90000.0
2007-02-06,310000.0
2007-02-07,160000.0
2007-02-08,90000.0
2007-02-09,230000.0
2007-02-10,0.0
2007-02-11,0.0
2007-02-12,30000.0
2007-02-13,0.0
2007-02-14,0.0
2007-02-15,260000.0
2007-02-16,60000.0
2007-02-17,0.0
2007-02-18,0.0
2007-02-19,100000.0
2007-02-20,0.0
2007-02-21,220000.0
2007-02-22,0.0
2007-02-23,495000.0
2007-02-24,0.0
2007-02-25,0.0
2007-02-26,660000.0
2007-02-27,0.0
2007-02-28,170000.0
2007-03-01,175000.0
2007-03-02,385000.0
2007-03-03,0.0
2007-03-04,0.0
2007-03-05,0.0
2007-03-06,0.0
2007-03-07,160000.0
2007-03-08,150000.0
2007-03-09,435000.0
2007-03-10,0.0
2007-03-11,0.0
2007-03-12,0.0
2007-03-13,135000.0
2007-03-14,0.0
2007-03-15,285000.0
2007-03-16,70000.0
2007-03-17,0.0
2007-03-18,0.0
2007-03-19,40000.0
2007-03-20,60000.0
2007-03-21,235000.0
2007-03-22,0.0
2007-03-23,0.0
2007-03-24,0.0
2007-03-25,0.0
2007-03-26,225000.0
2007-03-27,0.0
2007-03-28,390000.0
2007-03-29,485000.0
2007-03-30,0.0
2007-03-31,0.0
2007-04-01,0.0
2007-04-02,170000.0
2007-04-03,210000.0
2007-04-04,0.0
2007-04-05,0.0
2007-04-06,0.0
2007-04-07,0.0
2007-04-08,0.0
2007-04-09,0.0
2007-04-10,310000.0
2007-04-11,0.0
2007-04-12,150000.0
2007-04-13,0.0
2007-04-14,0.0
2007-04-15,0.0
2007-04-16,0.0
2007-04-17,170000.0
2007-04-18,160000.0
2007-04-19,495000.0
2007-04-20,475000.0
2007-04-21,0.0
2007-04-22,0.0
2007-04-23,65000.0
2007-04-24,0.0
2007-04-25,260000.0
2007-04-26,120000.0
2007-04-27,0.0
2007-04-28,0.0
2007-04-29,0.0
2007-04-30,0.0
2007-05-01,0.0
2007-05-02,225000.0
2007-05-03,0.0
2007-05-04,145000.0
2007-05-05,0.0
2007-05-06,0.0
2007-05-07,160000.0
2007-05-08,280000.0
2007-05-09,30000.0
2007-05-10,245000.0
2007-05-11,500000.0
2007-05-12,0.0
2007-05-13,0.0
2007-05-14,0.0
2007-05-15,95000.0
2007-05-16,125000.0
2007-05-17,0.0
2007-05-18,185000.0
2007-05-19,0.0
2007-05-20,0.0
2007-05-21,120000.0
2007-05-22,110000.0
2007-05-23,270000.0
2007-05-24,0.0
2007-05-25,50000.0
2007-05-26,0.0
2007-05-27,0.0
2007-05-28,0.0
2007-05-29,185000.0
2007-05-30,0.0
2007-05-31,0.0
2007-06-01,0.0
2007-06-02,0.0
2007-06-03,0.0
2007-06-04,30000.0
2007-06-05,25000.0
2007-06-06,100000.0
2007-06-07,0.0
2007-06-08,240000.0
2007-06-09,0.0
2007-06-10,0.0
2007-06-11,0.0
2007-06-12,0.0
2007-06-13,270000.0
2007-06-14,385000.0
2007-06-15,0.0
2007-06-16,0.0
2007-06-17,0.0
2007-06-18,160000.0
2007-06-19,0.0
2007-06-20,0.0
2007-06-21,0.0
2007-06-22,0.0
2007-06-23,0.0
2007-06-24,0.0
2007-06-25,0.0
2007-06-26,325000.0
2007-06-27,70000.0
2007-06-28,100000.0
2007-06-29,75000.0
2007-06-30,0.0
2007-07-01,0.0
2007-07-02,0.0
2007-07-03,185000.0
2007-07-04,0.0
2007-07-05,35000.0
2007-07-06,0.0
2007-07-07,0.0
2007-07-08,0.0
2007-07-09,230000.0
2007-07-10,135000.0
2007-07-11,550000.0
2007-07-12,235000.0
2007-07-13,360000.0
2007-07-14,0.0
2007-07-15,0.0
2007-07-16,0.0
2007-07-17,595000.0
2007-07-18,0.0
2007-07-19,0.0
2007-07-20,35000.0
2007-07-21,0.0
2007-07-22,0.0
2007-07-23,155000.0
2007-07-24,175000.0
2007-07-25,585000.0
2007-07-26,175000.0
2007-07-27,595000.0
2007-07-28,0.0
2007-07-29,0.0
2007-07-30,100000.0
2007-07-31,160000.0
2007-08-01,25000.0
2007-08-02,625000.0
2007-08-03,315000.0
2007-08-04,0.0
2007-08-05,0.0
2007-08-06,65000.0
2007-08-07,235000.0
2007-08-08,265000.0
2007-08-09,0.0
2007-08-10,150000.0
2007-08-11,0.0
2007-08-12,0.0
2007-08-13,145000.0
2007-08-14,65000.0
2007-08-15,0.0
2007-08-16,185000.0
2007-08-17,0.0
2007-08-18,0.0
2007-08-19,0.0
2007-08-20,0.0
2007-08-21,340000.0
2007-08-22,175000.0
2007-08-23,135000.0
2007-08-24,420000.0
2007-08-25,0.0
2007-08-26,0.0
2007-08-27,0.0
2007-08-28,250000.0
2007-08-29,905000.0
2007-08-30,720000.0
2007-08-31,185000.0
2007-09-01,0.0
2007-09-02,0.0
2007-09-03,65000.0
2007-09-04,30000.0
2007-09-05,35000.0
2007-09-06,70000.0
2007-09-07,0.0
2007-09-08,0.0
2007-09-09,0.0
2007-09-10,75000.0
2007-09-11,0.0
2007-09-12,50000.0
2007-09-13,0.0
2007-09-14,120000.0
2007-09-15,0.0
2007-09-16,0.0
2007-09-17,230000.0
2007-09-18,445000.0
2007-09-19,0.0
2007-09-20,255000.0
2007-09-21,135000.0
2007-09-22,0.0
2007-09-23,0.0
2007-09-24,45000.0
2007-09-25,20000.0
2007-09-26,75000.0
2007-09-27,200000.0
2007-09-28,90000.0
2007-09-29,0.0
2007-09-30,0.0
2007-10-01,190000.0
2007-10-02,0.0
2007-10-03,365000.0
2007-10-04,145000.0
2007-10-05,115000.0
2007-10-06,0.0
2007-10-07,0.0
2007-10-08,560000.0
2007-10-09,190000.0
2007-10-10,185000.0
2007-10-11,45000.0
2007-10-12,0.0
2007-10-13,0.0
2007-10-14,0.0
2007-10-15,150000.0
2007-10-16,75000.0
2007-10-17,335000.0
2007-10-18,395000.0
2007-10-19,205000.0
2007-10-20,185000.0
2007-10-21,0.0
2007-10-22,175000.0
2007-10-23,100000.0
2007-10-24,115000.0
2007-10-25,245000.0
2007-10-26,415000.0
2007-10-27,0.0
2007-10-28,0.0
2007-10-29,0.0
2007-10-30,430000.0
2007-10-31,125000.0
2007-11-01,0.0
2007-11-02,0.0
2007-11-03,0.0
2007-11-04,0.0
2007-11-05,385000.0
2007-11-06,405000.0
2007-11-07,820000.0
2007-11-08,0.0
2007-11-09,615000.0
2007-11-10,0.0
2007-11-11,0.0
2007-11-12,225000.0
2007-11-13,370000.0
2007-11-14,365000.0
2007-11-15,325000.0
2007-11-16,0.0
2007-11-17,0.0
2007-11-18,0.0
2007-11-19,300000.0
2007-11-20,320000.0
2007-11-21,185000.0
2007-11-22,145000.0
2007-11-23,395000.0
2007-11-24,0.0
2007-11-25,0.0
2007-11-26,180000.0
2007-11-27,390000.0
2007-11-28,160000.0
2007-11-29,240000.0
2007-11-30,0.0
2007-12-01,0.0
2007-12-02,0.0
2007-12-03,285000.0
2007-12-04,715000.0
2007-12-05,0.0
2007-12-06,180000.0
2007-12-07,55000.0
2007-12-08,0.0
2007-12-09,0.0
2007-12-10,345000.0
2007-12-11,0.0
2007-12-12,195000.0
2007-12-13,455000.0
2007-12-14,130000.0
2007-12-15,0.0
2007-12-16,0.0
2007-12-17,110000.0
2007-12-18,0.0
2007-12-19,175000.0
2007-12-20,200000.0
2007-12-21,345000.0
2007-12-22,0.0
2007-12-23,0.0
2007-12-24,0.0
2007-12-25,0.0
2007-12-26,0.0
2007-12-27,320000.0
2007-12-28,100000.0
2007-12-29,0.0
2007-12-30,0.0
2007-12-31,0.0
2008-01-01,0.0
2008-01-02,35000.0
2008-01-03,140000.0
2008-01-04,175000.0
2008-01-05,75000.0
2008-01-06,0.0
2008-01-07,440000.0
2008-01-08,550000.0
2008-01-09,555000.0
2008-01-10,445000.0
2008-01-11,295000.0
2008-01-12,0.0
2008-01-13,0.0
2008-01-14,135000.0
2008-01-15,265000.0
2008-01-16,100000.0
2008-01-17,365000.0
2008-01-18,200000.0
2008-01-19,0.0
2008-01-20,0.0
2008-01-21,0.0
2008-01-22,165000.0
2008-01-23,120000.0
2008-01-24,115000.0
2008-01-25,555000.0
2008-01-26,0.0
2008-01-27,0.0
2008-01-28,185000.0
2008-01-29,105000.0
2008-01-30,315000.0
2008-01-31,0.0
2008-02-01,0.0
2008-02-02,0.0
2008-02-03,0.0
2008-02-04,105000.0
2008-02-05,40000.0
2008-02-06,480000.0
2008-02-07,375000.0
2008-02-08,275000.0
2008-02-09,0.0
2008-02-10,0.0
2008-02-11,0.0
2008-02-12,0.0
2008-02-13,725000.0
2008-02-14,480000.0
2008-02-15,55000.0
2008-02-16,0.0
2008-02-17,0.0
2008-02-18,0.0
2008-02-19,270000.0
2008-02-20,110000.0
2008-02-21,0.0
2008-02-22,0.0
2008-02-23,0.0
2008-02-24,0.0
2008-02-25,0.0
2008-02-26,420000.0
2008-02-27,0.0
2008-02-28,0.0
2008-02-29,175000.0
2008-03-01,0.0
2008-03-02,0.0
2008-03-03,220000.0
2008-03-04,215000.0
2008-03-05,220000.0
2008-03-06,355000.0
2008-03-07,300000.0
2008-03-08,0.0
2008-03-09,0.0
2008-03-10,215000.0
2008-03-11,340000.0
2008-03-12,255000.0
2008-03-13,350000.0
2008-03-14,0.0
2008-03-15,0.0
2008-03-16,0.0
2008-03-17,475000.0
2008-03-18,640000.0
2008-03-19,210000.0
2008-03-20,0.0
2008-03-21,0.0
2008-03-22,0.0
2008-03-23,0.0
2008-03-24,795000.0
2008-03-25,845000.0
2008-03-26,475000.0
2008-03-27,185000.0
2008-03-28,895000.0
2008-03-29,0.0
2008-03-30,0.0
2008-03-31,750000.0
2008-04-01,725000.0
2008-04-02,650000.0
2008-04-03,235000.0
2008-04-04,675000.0
2008-04-05,0.0
2008-04-06,0.0
2008-04-07,0.0
2008-04-08,625000.0
2008-04-09,860000.0
2008-04-10,1085000.0
2008-04-11,455000.0
2008-04-12,0.0
2008-04-13,0.0
2008-04-14,150000.0
2008-04-15,965000.0
2008-04-16,565000.0
2008-04-17,700000.0
2008-04-18,785000.0
2008-04-19,0.0
2008-04-20,0.0
2008-04-21,895000.0
2008-04-22,305000.0
2008-04-23,945000.0
2008-04-24,490000.0
2008-04-25,180000.0
2008-04-26,0.0
2008-04-27,0.0
2008-04-28,685000.0
2008-04-29,480000.0
2008-04-30,980000.0
2008-05-01,0.0
2008-05-02,485000.0
2008-05-03,0.0
2008-05-04,0.0
2008-05-05,965000.0
2008-05-06,590000.0
2008-05-07,1065000.0
2008-05-08,1260000.0
2008-05-09,355000.0
2008-05-10,365000.0
2008-05-11,0.0
2008-05-12,735000.0
2008-05-13,875000.0
2008-05-14,875000.0
2008-05-15,410000.0
2008-05-16,455000.0
2008-05-17,0.0
2008-05-18,0.0
2008-05-19,50000.0
2008-05-20,165000.0
2008-05-21,510000.0
2008-05-22,775000.0
2008-05-23,260000.0
2008-05-24,0.0
2008-05-25,0.0
2008-05-26,270000.0
2008-05-27,965000.0
2008-05-28,700000.0
2008-05-29,1155000.0
2008-05-30,410000.0
2008-05-31,0.0
2008-06-01,0.0
2008-06-02,565000.0
2008-06-03,555000.0
2008-06-04,1110000.0
2008-06-05,740000.0
2008-06-06,710000.0
2008-06-07,0.0
2008-06-08,0.0
2008-06-09,0.0
2008-06-10,60000.0
2008-06-11,675000.0
2008-06-12,1035000.0
2008-06-13,290000.0
2008-06-14,0.0
2008-06-15,0.0
2008-06-16,300000.0
2008-06-17,1330000.0
2008-06-18,745000.0
2008-06-19,3645000.0
2008-06-20,1810000.0
2008-06-21,0.0
2008-06-22,0.0
2008-06-23,2845000.0
2008-06-24,1925000.0
2008-06-25,640000.0
2008-06-26,870000.0
2008-06-27,735000.0
2008-06-28,0.0
2008-06-29,0.0
2008-06-30,750000.0
2008-07-01,535000.0
2008-07-02,1285000.0
2008-07-03,335000.0
2008-07-04,515000.0
2008-07-05,0.0
2008-07-06,0.0
2008-07-07,1520000.0
2008-07-08,585000.0
2008-07-09,630000.0
2008-07-10,955000.0
2008-07-11,2110000.0
2008-07-12,0.0
2008-07-13,0.0
2008-07-14,1260000.0
2008-07-15,1775000.0
2008-07-16,845000.0
2008-07-17,690000.0
2008-07-18,765000.0
2008-07-19,0.0
2008-07-20,0.0
2008-07-21,1300000.0
2008-07-22,1215000.0
2008-07-23,415000.0
2008-07-24,1280000.0
2008-07-25,580000.0
2008-07-26,205000.0
2008-07-27,0.0
2008-07-28,540000.0
2008-07-29,750000.0
2008-07-30,1175000.0
2008-07-31,1000000.0
2008-08-01,660000.0
2008-08-02,0.0
2008-08-03,0.0
2008-08-04,1260000.0
2008-08-05,1095000.0
2008-08-06,1070000.0
2008-08-07,840000.0
2008-08-08,1195000.0
2008-08-09,0.0
2008-08-10,0.0
2008-08-11,980000.0
2008-08-12,1460000.0
2008-08-13,1075000.0
2008-08-14,795000.0
2008-08-15,1180000.0
2008-08-16,0.0
2008-08-17,0.0
2008-08-18,0.0
2008-08-19,0.0
2008-08-20,1415000.0
2008-08-21,1965000.0
2008-08-22,835000.0
2008-08-23,0.0
2008-08-24,0.0
2008-08-25,0.0
2008-08-26,670000.0
2008-08-27,1755000.0
2008-08-28,1120000.0
2008-08-29,810000.0
2008-08-30,0.0
2008-08-31,0.0
2008-09-01,805000.0
2008-09-02,1655000.0
2008-09-03,1450000.0
2008-09-04,1130000.0
2008-09-05,860000.0
2008-09-06,45000.0
2008-09-07,0.0
2008-09-08,1320000.0
2008-09-09,325000.0
2008-09-10,1530000.0
2008-09-11,1000000.0
2008-09-12,420000.0
2008-09-13,0.0
2008-09-14,0.0
2008-09-15,1175000.0
2008-09-16,610000.0
2008-09-17,670000.0
2008-09-18,775000.0
2008-09-19,590000.0
2008-09-20,0.0
2008-09-21,0.0
2008-09-22,645000.0
2008-09-23,1275000.0
2008-09-24,720000.0
2008-09-25,395000.0
2008-09-26,1690000.0
2008-09-27,145000.0
2008-09-28,0.0
2008-09-29,1820000.0
2008-09-30,3240000.0
2008-10-01,0.0
2008-10-02,1690000.0
2008-10-03,2270000.0
2008-10-04,0.0
2008-10-05,0.0
2008-10-06,1400000.0
2008-10-07,1755000.0
2008-10-08,1245000.0
2008-10-09,1005000.0
2008-10-10,1395000.0
2008-10-11,0.0
2008-10-12,0.0
2008-10-13,975000.0
2008-10-14,1595000.0
2008-10-15,2650000.0
2008-10-16,1605000.0
2008-10-17,790000.0
2008-10-18,0.0
2008-10-19,0.0
2008-10-20,1220000.0
2008-10-21,5695000.0
2008-10-22,3575000.0
2008-10-23,3315000.0
2008-10-24,1485000.0
2008-10-25,2005000.0
2008-10-26,0.0
2008-10-27,1620000.0
2008-10-28,1130000.0
2008-10-29,815000.0
2008-10-30,1515000.0
2008-10-31,630000.0
2008-11-01,0.0
2008-11-02,0.0
2008-11-03,1725000.0
2008-11-04,1765000.0
2008-11-05,2005000.0
2008-11-06,1430000.0
2008-11-07,1320000.0
2008-11-08,0.0
2008-11-09,0.0
2008-11-10,1155000.0
2008-11-11,1920000.0
2008-11-12,1835000.0
2008-11-13,900000.0
2008-11-14,1455000.0
2008-11-15,0.0
2008-11-16,0.0
2008-11-17,1265000.0
2008-11-18,1480000.0
2008-11-19,1185000.0
2008-11-20,1550000.0
2008-11-21,1970000.0
2008-11-22,0.0
2008-11-23,0.0
2008-11-24,1415000.0
2008-11-25,1470000.0
2008-11-26,2375000.0
2008-11-27,1040000.0
2008-11-28,1940000.0
2008-11-29,0.0
2008-11-30,0.0
2008-12-01,0.0
2008-12-02,1535000.0
2008-12-03,505000.0
2008-12-04,920000.0
2008-12-05,1650000.0
2008-12-06,0.0
2008-12-07,0.0
2008-12-08,1275000.0
2008-12-09,2480000.0
2008-12-10,1575000.0
2008-12-11,1445000.0
2008-12-12,1390000.0
2008-12-13,0.0
2008-12-14,0.0
2008-12-15,1715000.0
2008-12-16,2390000.0
2008-12-17,1035000.0
2008-12-18,2290000.0
2008-12-19,1905000.0
2008-12-20,0.0
2008-12-21,0.0
2008-12-22,955000.0
2008-12-23,840000.0
2008-12-24,275000.0
2008-12-25,0.0
2008-12-26,0.0
2008-12-27,0.0
2008-12-28,0.0
2008-12-29,0.0
2008-12-30,0.0
2008-12-31,0.0
2009-01-01,0.0
2009-01-02,0.0
2009-01-03,0.0
2009-01-04,0.0
2009-01-05,720000.0
2009-01-06,460000.0
2009-01-07,285000.0
2009-01-08,490000.0
2009-01-09,1495000.0
2009-01-10,0.0
2009-01-11,0.0
2009-01-12,1305000.0
2009-01-13,1380000.0
2009-01-14,1255000.0
2009-01-15,995000.0
2009-01-16,1090000.0
2009-01-17,0.0
2009-01-18,0.0
2009-01-19,765000.0
2009-01-20,1585000.0
2009-01-21,1675000.0
2009-01-22,525000.0
2009-01-23,1475000.0
2009-01-24,0.0
2009-01-25,0.0
2009-01-26,1750000.0
2009-01-27,1580000.0
2009-01-28,1205000.0
2009-01-29,1165000.0
2009-01-30,1415000.0
2009-01-31,0.0
2009-02-01,0.0
2009-02-02,1345000.0
2009-02-03,1845000.0
2009-02-04,1075000.0
2009-02-05,680000.0
2009-02-06,1970000.0
2009-02-07,905000.0
2009-02-08,195000.0
2009-02-09,780000.0
2009-02-10,645000.0
2009-02-11,1460000.0
2009-02-12,993000.0
2009-02-13,815000.0
2009-02-14,0.0
2009-02-15,0.0
2009-02-16,875000.0
2009-02-17,745000.0
2009-02-18,920000.0
2009-02-19,1635000.0
2009-02-20,815000.0
2009-02-21,0.0
2009-02-22,0.0
2009-02-23,340000.0
2009-02-24,1490000.0
2009-02-25,1603000.0
2009-02-26,415000.0
2009-02-27,670000.0
2009-02-28,390000.0
2009-03-01,0.0
2009-03-02,695000.0
2009-03-03,1040000.0
2009-03-04,1505000.0
2009-03-05,1000000.0
2009-03-06,885000.0
2009-03-07,0.0
2009-03-08,0.0
2009-03-09,970000.0
2009-03-10,1260000.0
2009-03-11,1158000.0
2009-03-12,670000.0
2009-03-13,930000.0
2009-03-14,135000.0
2009-03-15,0.0
2009-03-16,615000.0
2009-03-17,2310000.0
2009-03-18,1840000.0
2009-03-19,1320000.0
2009-03-20,1280000.0
2009-03-21,440000.0
2009-03-22,0.0
2009-03-23,595000.0
2009-03-24,5400000.0
2009-03-25,2345000.0
2009-03-26,2000000.0
2009-03-27,3165000.0
2009-03-28,555000.0
2009-03-29,0.0
2009-03-30,2420000.0
2009-03-31,745000.0
2009-04-01,1760000.0
2009-04-02,2895000.0
2009-04-03,6075000.0
2009-04-04,0.0
2009-04-05,0.0
2009-04-06,0.0
2009-04-07,2875000.0
2009-04-08,2180000.0
2009-04-09,0.0
2009-04-10,0.0
2009-04-11,0.0
2009-04-12,0.0
2009-04-13,1435000.0
2009-04-14,1630000.0
2009-04-15,930000.0
2009-04-16,2640000.0
2009-04-17,800000.0
2009-04-18,0.0
2009-04-19,0.0
2009-04-20,4010000.0
2009-04-21,3870000.0
2009-04-22,6395000.0
2009-04-23,3395000.0
2009-04-24,3595000.0
2009-04-25,0.0
2009-04-26,0.0
2009-04-27,3620000.0
2009-04-28,2485000.0
2009-04-29,2743000.0
2009-04-30,785000.0
2009-05-01,0.0
2009-05-02,0.0
2009-05-03,0.0
2009-05-04,2090000.0
2009-05-05,2945000.0
2009-05-06,1640000.0
2009-05-07,2740000.0
2009-05-08,2330000.0
2009-05-09,205000.0
2009-05-10,0.0
2009-05-11,1855000.0
2009-05-12,3525000.0
2009-05-13,2380000.0
2009-05-14,1875000.0
2009-05-15,3050000.0
2009-05-16,470000.0
2009-05-17,0.0
2009-05-18,1825000.0
2009-05-19,3805000.0
2009-05-20,3165000.0
2009-05-21,3260000.0
2009-05-22,2330000.0
2009-05-23,95000.0
2009-05-24,0.0
2009-05-25,2705000.0
2009-05-26,2440000.0
2009-05-27,2385000.0
2009-05-28,2500000.0
2009-05-29,3100000.0
2009-05-30,0.0
2009-05-31,0.0
2009-06-01,1220000.0
2009-06-02,1305000.0
2009-06-03,2465000.0
2009-06-04,2295000.0
2009-06-05,3460000.0
2009-06-06,120000.0
2009-06-07,0.0
2009-06-08,1930000.0
2009-06-09,3090000.0
2009-06-10,1790000.0
2009-06-11,2380000.0
2009-06-12,0.0
2009-06-13,0.0
2009-06-14,0.0
2009-06-15,1215000.0
2009-06-16,1720000.0
2009-06-17,590000.0
2009-06-18,1970000.0
2009-06-19,840000.0
2009-06-20,0.0
2009-06-21,0.0
2009-06-22,2328000.0
2009-06-23,2525000.0
2009-06-24,1580000.0
2009-06-25,1450000.0
2009-06-26,3050000.0
2009-06-27,655000.0
2009-06-28,0.0
2009-06-29,1160000.0
2009-06-30,2575000.0
2009-07-01,770000.0
2009-07-02,1180000.0
2009-07-03,1390000.0
2009-07-04,60000.0
2009-07-05,0.0
2009-07-06,1343000.0
2009-07-07,1170000.0
2009-07-08,1250000.0
2009-07-09,1660000.0
2009-07-10,970000.0
2009-07-11,240000.0
2009-07-12,0.0
2009-07-13,920000.0
2009-07-14,195000.0
2009-07-15,1085000.0
2009-07-16,1425000.0
2009-07-17,300000.0
2009-07-18,0.0
2009-07-19,0.0
2009-07-20,2495000.0
2009-07-21,3195000.0
2009-07-22,6320000.0
2009-07-23,1454000.0
2009-07-24,1575000.0
2009-07-25,0.0
2009-07-26,0.0
2009-07-27,1660000.0
2009-07-28,2660000.0
2009-07-29,1990000.0
2009-07-30,2395000.0
2009-07-31,3010000.0
2009-08-01,530000.0
2009-08-02,195000.0
2009-08-03,1510000.0
2009-08-04,2315000.0
2009-08-05,1055000.0
2009-08-06,520000.0
2009-08-07,1145000.0
2009-08-08,0.0
2009-08-09,0.0
2009-08-10,4185000.0
2009-08-11,1426000.0
2009-08-12,5950000.0
2009-08-13,1430000.0
2009-08-14,1680000.0
2009-08-15,285000.0
2009-08-16,455000.0
2009-08-17,1280000.0
2009-08-18,1515000.0
2009-08-19,125000.0
2009-08-20,965000.0
2009-08-21,0.0
2009-08-22,0.0
2009-08-23,0.0
2009-08-24,1450000.0
2009-08-25,2515000.0
2009-08-26,2260000.0
2009-08-27,2085000.0
2009-08-28,1520000.0
2009-08-29,0.0
2009-08-30,0.0
2009-08-31,0.0
2009-09-01,4340000.0
2009-09-02,2555000.0
2009-09-03,3025000.0
2009-09-04,4185000.0
2009-09-05,435000.0
2009-09-06,0.0
2009-09-07,25000.0
2009-09-08,2250000.0
2009-09-09,2545000.0
2009-09-10,3165000.0
2009-09-11,2245000.0
2009-09-12,460000.0
2009-09-13,0.0
2009-09-14,2200000.0
2009-09-15,2020000.0
2009-09-16,1330000.0
2009-09-17,3290000.0
2009-09-18,2275000.0
2009-09-19,0.0
2009-09-20,0.0
2009-09-21,0.0
2009-09-22,2575000.0
2009-09-23,2050000.0
2009-09-24,2575000.0
2009-09-25,1685000.0
2009-09-26,240000.0
2009-09-27,0.0
2009-09-28,800000.0
2009-09-29,1885000.0
2009-09-30,1255000.0
2009-10-01,1235000.0
2009-10-02,535000.0
2009-10-03,0.0
2009-10-04,0.0
2009-10-05,1545000.0
2009-10-06,1055000.0
2009-10-07,1525000.0
2009-10-08,910000.0
2009-10-09,900000.0
2009-10-10,0.0
2009-10-11,0.0
2009-10-12,3424000.0
2009-10-13,8674000.0
2009-10-14,3690000.0
2009-10-15,3889000.0
2009-10-16,6745000.0
2009-10-17,1155000.0
2009-10-18,0.0
2009-10-19,565000.0
2009-10-20,11591000.0
2009-10-21,9776000.0
2009-10-22,4535000.0
2009-10-23,3130000.0
2009-10-24,500000.0
2009-10-25,0.0
2009-10-26,4477000.0
2009-10-27,11858000.0
2009-10-28,4475000.0
2009-10-29,4408000.0
2009-10-30,2237000.0
2009-10-31,180000.0
2009-11-01,115000.0
2009-11-02,0.0
2009-11-03,2697000.0
2009-11-04,1966000.0
2009-11-05,3555000.0
2009-11-06,4782000.0
2009-11-07,0.0
2009-11-08,0.0
2009-11-09,2671000.0
2009-11-10,2211000.0
2009-11-11,2087000.0
2009-11-12,2983000.0
2009-11-13,3285000.0
2009-11-14,0.0
2009-11-15,0.0
2009-11-16,1490000.0
2009-11-17,2302000.0
2009-11-18,4804000.0
2009-11-19,2766000.0
2009-11-20,2792000.0
2009-11-21,1064000.0
2009-11-22,0.0
2009-11-23,2797000.0
2009-11-24,3986000.0
2009-11-25,4633000.0
2009-11-26,4701000.0
2009-11-27,2545000.0
2009-11-28,0.0
2009-11-29,0.0
2009-11-30,0.0
2009-12-01,6742000.0
2009-12-02,2100000.0
2009-12-03,4192000.0
2009-12-04,2918000.0
2009-12-05,1230000.0
2009-12-06,0.0
2009-12-07,2598000.0
2009-12-08,3110000.0
2009-12-09,2475000.0
2009-12-10,2238000.0
2009-12-11,1330000.0
2009-12-12,0.0
2009-12-13,0.0
2009-12-14,4691000.0
2009-12-15,5853000.0
2009-12-16,2100000.0
2009-12-17,4690000.0
2009-12-18,3135000.0
2009-12-19,0.0
2009-12-20,0.0
2009-12-21,2465000.0
2009-12-22,3520000.0
2009-12-23,1686000.0
2009-12-24,0.0
2009-12-25,0.0
2009-12-26,0.0
2009-12-27,0.0
2009-12-28,2735000.0
2009-12-29,3285000.0
2009-12-30,0.0
2009-12-31,0.0
2010-01-01,0.0
2010-01-02,0.0
2010-01-03,0.0
2010-01-04,5975000.0
2010-01-05,11487000.0
2010-01-06,8958000.0
2010-01-07,7881000.0
2010-01-08,15505000.0
2010-01-09,0.0
2010-01-10,0.0
2010-01-11,12349000.0
2010-01-12,19125000.0
2010-01-13,12136000.0
2010-01-14,15330000.0
2010-01-15,16933000.0
2010-01-16,0.0
2010-01-17,0.0
2010-01-18,8307000.0
2010-01-19,18621000.0
2010-01-20,7860000.0
2010-01-21,15035000.0
2010-01-22,14926000.0
2010-01-23,0.0
2010-01-24,25000.0
2010-01-25,12525000.0
2010-01-26,24880000.0
2010-01-27,17283000.0
2010-01-28,22364000.0
2010-01-29,16858000.0
2010-01-30,1607000.0
2010-01-31,110000.0
2010-02-01,13174000.0
2010-02-02,16976000.0
2010-02-03,17347000.0
2010-02-04,20426000.0
2010-02-05,10255000.0
2010-02-06,4362000.0
2010-02-07,0.0
2010-02-08,16220000.0
2010-02-09,27815000.0
2010-02-10,10931000.0
2010-02-11,13260000.0
2010-02-12,20168000.0
2010-02-13,7565000.0
2010-02-14,0.0
2010-02-15,19518000.0
2010-02-16,14644000.0
2010-02-17,10017000.0
2010-02-18,12627000.0
2010-02-19,10552000.0
2010-02-20,1290000.0
2010-02-21,140000.0
2010-02-22,5430000.0
2010-02-23,28315000.0
2010-02-24,14559000.0
2010-02-25,21039000.0
2010-02-26,14025000.0
2010-02-27,4968000.0
2010-02-28,0.0
2010-03-01,10060000.0
2010-03-02,10919000.0
2010-03-03,7010000.0
2010-03-04,13470000.0
2010-03-05,16440000.0
2010-03-06,0.0
2010-03-07,0.0
2010-03-08,13890000.0
2010-03-09,29292000.0
2010-03-10,17075000.0
2010-03-11,27644000.0
2010-03-12,20326000.0
2010-03-13,2150000.0
2010-03-14,125000.0
2010-03-15,11237000.0
2010-03-16,22774000.0
2010-03-17,8665000.0
2010-03-18,15410000.0
2010-03-19,16349000.0
2010-03-20,2880000.0
2010-03-21,0.0
2010-03-22,8320000.0
2010-03-23,25722000.0
2010-03-24,13639000.0
2010-03-25,15656000.0
2010-03-26,12307000.0
2010-03-27,12000.0
2010-03-28,0.0
2010-03-29,11603000.0
2010-03-30,9558000.0
2010-03-31,3070000.0
2010-04-01,0.0
2010-04-02,0.0
2010-04-03,0.0
2010-04-04,0.0
2010-04-05,8526000.0
2010-04-06,11789000.0
2010-04-07,9841000.0
2010-04-08,16158000.0
2010-04-09,0.0
2010-04-10,0.0
2010-04-11,0.0
2010-04-12,22212000.0
2010-04-13,21041000.0
2010-04-14,14572000.0
2010-04-15,13680000.0
2010-04-16,14637000.0
2010-04-17,2305000.0
2010-04-18,0.0
2010-04-19,7782000.0
2010-04-20,9644000.0
2010-04-21,11390000.0
2010-04-22,13720000.0
2010-04-23,11101000.0
2010-04-24,3095000.0
2010-04-25,0.0
2010-04-26,18464000.0
2010-04-27,25808000.0
2010-04-28,17771000.0
2010-04-29,15882000.0
2010-04-30,11674000.0
2010-05-01,5585000.0
2010-05-02,85000.0
2010-05-03,0.0
2010-05-04,9324000.0
2010-05-05,7171000.0
2010-05-06,11461000.0
2010-05-07,10158000.0
2010-05-08,575000.0
2010-05-09,0.0
2010-05-10,0.0
2010-05-11,7882000.0
2010-05-12,7901000.0
2010-05-13,6754000.0
2010-05-14,8995000.0
2010-05-15,0.0
2010-05-16,0.0
2010-05-17,9034000.0
2010-05-18,12796000.0
2010-05-19,12415000.0
2010-05-20,10668000.0
2010-05-21,7001000.0
2010-05-22,0.0
2010-05-23,0.0
2010-05-24,12955000.0
2010-05-25,16857000.0
2010-05-26,11795000.0
2010-05-27,10780000.0
2010-05-28,15643000.0
2010-05-29,2190000.0
2010-05-30,2995000.0
2010-05-31,9200000.0
2010-06-01,8715000.0
2010-06-02,7809000.0
2010-06-03,12826000.0
2010-06-04,11889000.0
2010-06-05,0.0
2010-06-06,0.0
2010-06-07,12322000.0
2010-06-08,6156000.0
2010-06-09,10597000.0
2010-06-10,8808000.0
2010-06-11,21231000.0
2010-06-12,15749000.0
2010-06-13,32939000.0
2010-06-14,215000.0
2010-06-15,32341000.0
2010-06-16,11480000.0
2010-06-17,10648000.0
2010-06-18,23695000.0
2010-06-19,4650000.0
2010-06-20,0.0
2010-06-21,8995000.0
2010-06-22,15375000.0
2010-06-23,12100000.0
2010-06-24,12145000.0
2010-06-25,12952000.0
2010-06-26,990000.0
2010-06-27,0.0
2010-06-28,8810000.0
2010-06-29,39030000.0
2010-06-30,4855000.0
2010-07-01,11436000.0
2010-07-02,13263000.0
2010-07-03,230000.0
2010-07-04,0.0
2010-07-05,13418000.0
2010-07-06,14093000.0
2010-07-07,6610000.0
2010-07-08,11254000.0
2010-07-09,10536000.0
2010-07-10,480000.0
2010-07-11,0.0
2010-07-12,23454000.0
2010-07-13,23657000.0
2010-07-14,6742000.0
2010-07-15,26159000.0
2010-07-16,27823000.0
2010-07-17,3205000.0
2010-07-18,0.0
2010-07-19,16696000.0
2010-07-20,13560000.0
2010-07-21,23456000.0
2010-07-22,18423000.0
2010-07-23,19610000.0
2010-07-24,1514000.0
2010-07-25,0.0
2010-07-26,12090000.0
2010-07-27,20699000.0
2010-07-28,15272000.0
2010-07-29,12625000.0
2010-07-30,9565000.0
2010-07-31,0.0
2010-08-01,0.0
2010-08-02,12630000.0
2010-08-03,12245000.0
2010-08-04,27235000.0
2010-08-05,42536000.0
2010-08-06,54157000.0
2010-08-07,6556000.0
2010-08-08,5760000.0
2010-08-09,53097000.0
2010-08-10,69587000.0
2010-08-11,49035000.0
2010-08-12,54391000.0
2010-08-13,49096000.0
2010-08-14,695000.0
2010-08-15,0.0
2010-08-16,43374000.0
2010-08-17,46885000.0
2010-08-18,26024000.0
2010-08-19,4719000.0
2010-08-20,26424000.0
2010-08-21,60000.0
2010-08-22,0.0
2010-08-23,34107000.0
2010-08-24,31736000.0
2010-08-25,23361000.0
2010-08-26,22618000.0
2010-08-27,16893000.0
2010-08-28,0.0
2010-08-29,0.0
2010-08-30,2960000.0
2010-08-31,13535000.0
2010-09-01,36145000.0
2010-09-02,18153000.0
2010-09-03,25532000.0
2010-09-04,3380000.0
2010-09-05,0.0
2010-09-06,16251000.0
2010-09-07,31450000.0
2010-09-08,31135000.0
2010-09-09,34493000.0
2010-09-10,3501000.0
2010-09-11,0.0
2010-09-12,0.0
2010-09-13,24841000.0
2010-09-14,25851000.0
2010-09-15,29395000.0
2010-09-16,25934000.0
2010-09-17,25968000.0
2010-09-18,70000.0
2010-09-19,0.0
2010-09-20,25244000.0
2010-09-21,26435000.0
2010-09-22,23995000.0
2010-09-23,15046000.0
2010-09-24,13750000.0
2010-09-25,440000.0
2010-09-26,0.0
2010-09-27,12298000.0
2010-09-28,18798000.0
2010-09-29,17780000.0
2010-09-30,14153000.0
2010-10-01,20173000.0
2010-10-02,75000.0
2010-10-03,0.0
2010-10-04,30368000.0
2010-10-05,24088000.0
2010-10-06,16273000.0
2010-10-07,21660000.0
2010-10-08,19190000.0
2010-10-09,0.0
2010-10-10,110000.0
2010-10-11,23282000.0
2010-10-12,27897000.0
2010-10-13,24815000.0
2010-10-14,27872000.0
2010-10-15,19329000.0
2010-10-16,0.0
2010-10-17,0.0
2010-10-18,20873000.0
2010-10-19,10413000.0
2010-10-20,12123000.0
2010-10-21,19449000.0
2010-10-22,14133000.0
2010-10-23,1275000.0
2010-10-24,4946000.0
2010-10-25,0.0
2010-10-26,14399000.0
2010-10-27,8305000.0
2010-10-28,9660000.0
2010-10-29,9651000.0
2010-10-30,0.0
2010-10-31,0.0
2010-11-01,0.0
2010-11-02,10633000.0
2010-11-03,17748000.0
2010-11-04,17753000.0
2010-11-05,18474000.0
2010-11-06,2320000.0
2010-11-07,0.0
2010-11-08,16408000.0
2010-11-09,33429000.0
2010-11-10,19591000.0
2010-11-11,19005000.0
2010-11-12,24365000.0
2010-11-13,0.0
2010-11-14,10000.0
2010-11-15,14832000.0
2010-11-16,7290000.0
2010-11-17,24000000.0
2010-11-18,33716000.0
2010-11-19,21293000.0
2010-11-20,0.0
2010-11-21,0.0
2010-11-22,24099000.0
2010-11-23,24374000.0
2010-11-24,13980000.0
2010-11-25,13464000.0
2010-11-26,13520000.0
2010-11-27,0.0
2010-11-28,0.0
2010-11-29,951000.0
2010-11-30,8806000.0
2010-12-01,30704000.0
2010-12-02,23241000.0
2010-12-03,16964000.0
2010-12-04,0.0
2010-12-05,0.0
2010-12-06,3995000.0
2010-12-07,39703000.0
2010-12-08,14451000.0
2010-12-09,18530000.0
2010-12-10,18812000.0
2010-12-11,0.0
2010-12-12,0.0
2010-12-13,14674000.0
2010-12-14,30588000.0
2010-12-15,19077000.0
2010-12-16,21584000.0
2010-12-17,14310000.0
2010-12-18,0.0
2010-12-19,0.0
2010-12-20,8687000.0
2010-12-21,8427000.0
2010-12-22,14606000.0
2010-12-23,0.0
2010-12-24,0.0
2010-12-25,0.0
2010-12-26,0.0
2010-12-27,0.0
2010-12-28,13019000.0
2010-12-29,7440000.0
2010-12-30,0.0
2010-12-31,0.0
2011-01-01,0.0
2011-01-02,0.0
2011-01-03,9374000.0
2011-01-04,11277000.0
2011-01-05,17005000.0
2011-01-06,11960000.0
2011-01-07,10697000.0
2011-01-08,0.0
2011-01-09,85000.0
2011-01-10,16420000.0
2011-01-11,35733000.0
2011-01-12,31630000.0
2011-01-13,24590000.0
2011-01-14,25032000.0
2011-01-15,225000.0
2011-01-16,0.0
2011-01-17,16939000.0
2011-01-18,16631000.0
2011-01-19,16605000.0
2011-01-20,34507000.0
2011-01-21,25710000.0
2011-01-22,155000.0
2011-01-23,0.0
2011-01-24,23691000.0
2011-01-25,37070000.0
2011-01-26,21752000.0
2011-01-27,23886000.0
2011-01-28,18707000.0
2011-01-29,0.0
2011-01-30,0.0
2011-01-31,23337000.0
2011-02-01,37877000.0
2011-02-02,24584000.0
2011-02-03,23250000.0
2011-02-04,29335000.0
2011-02-05,125000.0
2011-02-06,0.0
2011-02-07,41854000.0
2011-02-08,51934000.0
2011-02-09,45821000.0
2011-02-10,29266000.0
2011-02-11,29205000.0
2011-02-12,0.0
2011-02-13,0.0
2011-02-14,22614000.0
2011-02-15,16144000.0
2011-02-16,22782000.0
2011-02-17,21986000.0
2011-02-18,16005000.0
2011-02-19,0.0
2011-02-20,0.0
2011-02-21,8660000.0
2011-02-22,39321000.0
2011-02-23,24011000.0
2011-02-24,29546000.0
2011-02-25,35212000.0
2011-02-26,230000.0
2011-02-27,0.0
2011-02-28,33879000.0
2011-03-01,30617000.0
2011-03-02,24091000.0
2011-03-03,21176000.0
2011-03-04,22336000.0
2011-03-05,0.0
2011-03-06,0.0
2011-03-07,30272000.0
2011-03-08,28320000.0
2011-03-09,24323000.0
2011-03-10,32842000.0
2011-03-11,18512000.0
2011-03-12,25000.0
2011-03-13,0.0
2011-03-14,17743000.0
2011-03-15,26903000.0
2011-03-16,23421000.0
2011-03-17,21201000.0
2011-03-18,14291000.0
2011-03-19,0.0
2011-03-20,0.0
2011-03-21,12464000.0
2011-03-22,23095000.0
2011-03-23,22651000.0
2011-03-24,39529000.0
2011-03-25,24379000.0
2011-03-26,1505000.0
2011-03-27,1935000.0
2011-03-28,21838000.0
2011-03-29,25373000.0
2011-03-30,21671000.0
2011-03-31,15426000.0
2011-04-01,19948000.0
2011-04-02,0.0
2011-04-03,0.0
2011-04-04,31569000.0
2011-04-05,26322000.0
2011-04-06,25910000.0
2011-04-07,19603000.0
2011-04-08,22529000.0
2011-04-09,0.0
2011-04-10,0.0
2011-04-11,13381000.0
2011-04-12,21299000.0
2011-04-13,20286000.0
2011-04-14,20695000.0
2011-04-15,17416000.0
2011-04-16,0.0
2011-04-17,0.0
2011-04-18,16229000.0
2011-04-19,7762000.0
2011-04-20,2762000.0
2011-04-21,0.0
2011-04-22,0.0
2011-04-23,0.0
2011-04-24,0.0
2011-04-25,11459000.0
2011-04-26,42762000.0
2011-04-27,32127000.0
2011-04-28,25934000.0
2011-04-29,19943000.0
2011-04-30,5447000.0
2011-05-01,0.0
2011-05-02,23988000.0
2011-05-03,15576000.0
2011-05-04,16622000.0
2011-05-05,27028000.0
2011-05-06,15114000.0
2011-05-07,0.0
2011-05-08,45000.0
2011-05-09,21975000.0
2011-05-10,67784000.0
2011-05-11,37890000.0
2011-05-12,32050000.0
2011-05-13,24347000.0
2011-05-14,3580000.0
2011-05-15,0.0
2011-05-16,46552000.0
2011-05-17,15081000.0
2011-05-18,21112000.0
2011-05-19,41634000.0
2011-05-20,19389000.0
2011-05-21,0.0
2011-05-22,0.0
2011-05-23,18376000.0
2011-05-24,26798000.0
2011-05-25,16775000.0
2011-05-26,15030000.0
2011-05-27,14250000.0
2011-05-28,0.0
2011-05-29,0.0
2011-05-30,15655000.0
2011-05-31,14372000.0
2011-06-01,17200000.0
2011-06-02,18226000.0
2011-06-03,21257000.0
2011-06-04,0.0
2011-06-05,0.0
2011-06-06,17289000.0
2011-06-07,28473000.0
2011-06-08,30575000.0
2011-06-09,23458000.0
2011-06-10,61781000.0
2011-06-11,1300000.0
2011-06-12,4870000.0
2011-06-13,87629000.0
2011-06-14,60315000.0
2011-06-15,45939000.0
2011-06-16,59571000.0
2011-06-17,71949000.0
2011-06-18,0.0
2011-06-19,0.0
2011-06-20,16635000.0
2011-06-21,20508000.0
2011-06-22,35195000.0
2011-06-23,42126000.0
2011-06-24,31537000.0
2011-06-25,14695000.0
2011-06-26,0.0
2011-06-27,23285000.0
2011-06-28,47762000.0
2011-06-29,29799000.0
2011-06-30,37460000.0
2011-07-01,18088000.0
2011-07-02,0.0
2011-07-03,0.0
2011-07-04,15660000.0
2011-07-05,20103000.0
2011-07-06,21157000.0
2011-07-07,22920000.0
2011-07-08,12161000.0
2011-07-09,0.0
2011-07-10,0.0
2011-07-11,23144000.0
2011-07-12,23772000.0
2011-07-13,23732000.0
2011-07-14,15871000.0
2011-07-15,17833000.0
2011-07-16,0.0
2011-07-17,0.0
2011-07-18,13366000.0
2011-07-19,16975000.0
2011-07-20,13884000.0
2011-07-21,35117000.0
2011-07-22,18314000.0
2011-07-23,0.0
2011-07-24,0.0
2011-07-25,20040000.0
2011-07-26,29483000.0
2011-07-27,16694000.0
2011-07-28,17777000.0
2011-07-29,18767000.0
2011-07-30,0.0
2011-07-31,0.0
2011-08-01,17361000.0
2011-08-02,70000.0
2011-08-03,26138000.0
2011-08-04,21224000.0
2011-08-05,19010000.0
2011-08-06,0.0
2011-08-07,0.0
2011-08-08,18037000.0
2011-08-09,34404000.0
2011-08-10,24518000.0
2011-08-11,23534000.0
2011-08-12,18653000.0
2011-08-13,0.0
2011-08-14,0.0
2011-08-15,29569000.0
2011-08-16,27077000.0
2011-08-17,12871000.0
2011-08-18,25282000.0
2011-08-19,18235000.0
2011-08-20,0.0
2011-08-21,0.0
2011-08-22,15160000.0
2011-08-23,17930000.0
2011-08-24,33871000.0
2011-08-25,27580000.0
2011-08-26,26041000.0
2011-08-27,0.0
2011-08-28,0.0
2011-08-29,2586000.0
2011-08-30,0.0
2011-08-31,15159000.0
2011-09-01,25271000.0
2011-09-02,17382000.0
2011-09-03,0.0
2011-09-04,0.0
2011-09-05,45106000.0
2011-09-06,44206000.0
2011-09-07,34703000.0
2011-09-08,28382000.0
2011-09-09,23092000.0
2011-09-10,135000.0
2011-09-11,0.0
2011-09-12,29686000.0
2011-09-13,33728000.0
2011-09-14,28198000.0
2011-09-15,26329000.0
2011-09-16,18936000.0
2011-09-17,0.0
2011-09-18,0.0
2011-09-19,21058000.0
2011-09-20,24277000.0
2011-09-21,20176000.0
2011-09-22,24742000.0
2011-09-23,20118000.0
2011-09-24,0.0
2011-09-25,0.0
2011-09-26,3155000.0
2011-09-27,13551000.0
2011-09-28,34900000.0
2011-09-29,23166000.0
2011-09-30,16361000.0
2011-10-01,0.0
2011-10-02,0.0
2011-10-03,20903000.0
2011-10-04,20432000.0
2011-10-05,32835000.0
2011-10-06,26368000.0
2011-10-07,26868000.0
2011-10-08,0.0
2011-10-09,0.0
2011-10-10,54035000.0
2011-10-11,34897000.0
2011-10-12,27393000.0
2011-10-13,24878000.0
2011-10-14,19438000.0
2011-10-15,295000.0
2011-10-16,0.0
2011-10-17,38707000.0
2011-10-18,30041000.0
2011-10-19,25523000.0
2011-10-20,25980000.0
2011-10-21,18151000.0
2011-10-22,4869000.0
2011-10-23,3710000.0
2011-10-24,44037000.0
2011-10-25,27553000.0
2011-10-26,24302000.0
2011-10-27,26468000.0
2011-10-28,14834000.0
2011-10-29,0.0
2011-10-30,0.0
2011-10-31,0.0
2011-11-01,0.0
2011-11-02,18197000.0
2011-11-03,25021000.0
2011-11-04,28585000.0
2011-11-05,0.0
2011-11-06,0.0
2011-11-07,1919000.0
2011-11-08,41946000.0
2011-11-09,38668000.0
2011-11-10,31652000.0
2011-11-11,24675000.0
2011-11-12,0.0
2011-11-13,0.0
2011-11-14,34188000.0
2011-11-15,33020000.0
2011-11-16,36895500.0
2011-11-17,26115000.0
2011-11-18,24144000.0
2011-11-19,3271000.0
2011-11-20,0.0
2011-11-21,20525000.0
2011-11-22,17616000.0
2011-11-23,14194000.0
2011-11-24,14253000.0
2011-11-25,13722000.0
2011-11-26,0.0
2011-11-27,0.0
2011-11-28,13815000.0
2011-11-29,20112000.0
2011-11-30,4984000.0
2011-12-01,15036000.0
2011-12-02,28841000.0
2011-12-03,2509000.0
2011-12-04,0.0
2011-12-05,22343000.0
2011-12-06,26368000.0
2011-12-07,17781000.0
2011-12-08,24143000.0
2011-12-09,14392000.0
2011-12-10,0.0
2011-12-11,0.0
2011-12-12,21891000.0
2011-12-13,25010000.0
2011-12-14,23511000.0
2011-12-15,15080000.0
2011-12-16,20976000.0
2011-12-17,0.0
2011-12-18,0.0
2011-12-19,13477000.0
2011-12-20,13726000.0
2011-12-21,14473000.0
2011-12-22,11731000.0
2011-12-23,0.0
2011-12-24,0.0
2011-12-25,0.0
2011-12-26,11178000.0
2011-12-27,9385000.0
2011-12-28,6672000.0
2011-12-29,0.0
2011-12-30,0.0
2011-12-31,0.0
2012-01-01,0.0
2012-01-02,7725000.0
2012-01-03,16036165.0
2012-01-04,17643100.0
2012-01-05,16682000.0
2012-01-06,19006000.0
2012-01-07,0.0
2012-01-08,0.0
2012-01-09,33803000.0
2012-01-10,47304000.0
2012-01-11,30990000.0
2012-01-12,11171000.0
2012-01-13,39899000.0
2012-01-14,65000.0
2012-01-15,0.0
2012-01-16,27888000.0
2012-01-17,42182000.0
2012-01-18,26374000.0
2012-01-19,32206000.0
2012-01-20,27246000.0
2012-01-21,2623000.0
2012-01-22,0.0
2012-01-23,100000.0
2012-01-24,41388000.0
2012-01-25,28494000.0
2012-01-26,25736000.0
2012-01-27,21143000.0
2012-01-28,4423000.0
2012-01-29,380000.0
2012-01-30,19903000.0
2012-01-31,21222000.0
